Spot Price,Strike Price,Maturity,Interest,Volatility,Option Type,Option Price,Option Payoff
174,125,8.12251,0.05,0.2,1,93.8064,49
174,125,8.12251,0.05,0.2,-1,3.08478,0
174,130,8.12251,0.05,0.2,1,91.0259,44
174,130,8.12251,0.05,0.2,-1,3.63539,0
174,135,8.12251,0.05,0.2,1,88.3031,39
174,135,8.12251,0.05,0.2,-1,4.24369,0
174,140,8.12251,0.05,0.2,1,85.6392,34
174,140,8.12251,0.05,0.2,-1,4.91096,0
174,145,8.12251,0.05,0.2,1,83.0354,29
174,145,8.12251,0.05,0.2,-1,5.63825,0
174,150,8.12251,0.05,0.2,1,80.4923,24
174,150,8.12251,0.05,0.2,-1,6.42633,0
174,152,8.12251,0.05,0.2,1,79.4922,22
174,152,8.12251,0.05,0.2,-1,6.75871,0
174,155,8.12251,0.05,0.2,1,78.0106,19
174,155,8.12251,0.05,0.2,-1,7.27573,0
174,157,8.12251,0.05,0.2,1,77.0351,17
174,157,8.12251,0.05,0.2,-1,7.63274,0
174,160,8.12251,0.05,0.2,1,75.5905,14
174,160,8.12251,0.05,0.2,-1,8.18677,0
174,162,8.12251,0.05,0.2,1,74.6398,12
174,162,8.12251,0.05,0.2,-1,8.56848,0
174,165,8.12251,0.05,0.2,1,73.2322,9
174,165,8.12251,0.05,0.2,-1,9.15957,0
174,167,8.12251,0.05,0.2,1,72.3061,7
174,167,8.12251,0.05,0.2,-1,9.56597,0
174,170,8.12251,0.05,0.2,1,70.9355,4
174,170,8.12251,0.05,0.2,-1,10.194,0
174,172,8.12251,0.05,0.2,1,70.0341,2
174,172,8.12251,0.05,0.2,-1,10.6251,0
174,175,8.12251,0.05,0.2,1,68.7003,0
174,175,8.12251,0.05,0.2,-1,11.29,1
174,177,8.12251,0.05,0.2,1,67.8233,0
174,177,8.12251,0.05,0.2,-1,11.7454,3
174,180,8.12251,0.05,0.2,1,66.5261,0
174,180,8.12251,0.05,0.2,-1,12.4469,6
174,182,8.12251,0.05,0.2,1,65.6734,0
174,182,8.12251,0.05,0.2,-1,12.9267,8
174,185,8.12251,0.05,0.2,1,64.4125,0
174,185,8.12251,0.05,0.2,-1,13.6644,11
174,187,8.12251,0.05,0.2,1,63.5838,0
174,187,8.12251,0.05,0.2,-1,14.1682,13
174,190,8.12251,0.05,0.2,1,62.3586,0
174,190,8.12251,0.05,0.2,-1,14.9417,16
174,192,8.12251,0.05,0.2,1,61.5537,0
174,192,8.12251,0.05,0.2,-1,15.4692,18
174,195,8.12251,0.05,0.2,1,60.3639,0
174,195,8.12251,0.05,0.2,-1,16.2781,21
174,197,8.12251,0.05,0.2,1,59.5824,0
174,197,8.12251,0.05,0.2,-1,16.8291,23
174,200,8.12251,0.05,0.2,1,58.4275,0
174,200,8.12251,0.05,0.2,-1,17.6728,26
174,202,8.12251,0.05,0.2,1,57.669,0
174,202,8.12251,0.05,0.2,-1,18.2468,28
174,205,8.12251,0.05,0.2,1,56.5483,0
174,205,8.12251,0.05,0.2,-1,19.1248,31
174,207,8.12251,0.05,0.2,1,55.8125,0
174,207,8.12251,0.05,0.2,-1,19.7214,33
174,210,8.12251,0.05,0.2,1,54.7255,0
174,210,8.12251,0.05,0.2,-1,20.6331,36
174,212,8.12251,0.05,0.2,1,54.0118,0
174,212,8.12251,0.05,0.2,-1,21.2519,38
174,215,8.12251,0.05,0.2,1,52.9579,0
174,215,8.12251,0.05,0.2,-1,22.1966,41
174,217,8.12251,0.05,0.2,1,52.266,0
174,217,8.12251,0.05,0.2,-1,22.8372,43
174,220,8.12251,0.05,0.2,1,51.2444,0
174,220,8.12251,0.05,0.2,-1,23.8143,46
174,222,8.12251,0.05,0.2,1,50.5739,0
174,222,8.12251,0.05,0.2,-1,24.4762,48
174,225,8.12251,0.05,0.2,1,49.5839,0
174,225,8.12251,0.05,0.2,-1,25.4849,51
174,230,8.12251,0.05,0.2,1,47.9752,0
174,230,8.12251,0.05,0.2,-1,27.2073,56
174,235,8.12251,0.05,0.2,1,46.4171,0
174,235,8.12251,0.05,0.2,-1,28.9803,61
174,240,8.12251,0.05,0.2,1,44.9083,0
174,240,8.12251,0.05,0.2,-1,30.8027,66
174,245,8.12251,0.05,0.2,1,43.4477,0
174,245,8.12251,0.05,0.2,-1,32.6732,71
174,80,8.10334,0.05,0.2,1,121.017,94
174,80,8.10334,0.05,0.2,-1,0.366554,0
174,85,8.10334,0.05,0.2,1,117.82,89
174,85,8.10334,0.05,0.2,-1,0.50385,0
174,90,8.10334,0.05,0.2,1,114.656,84
174,90,8.10334,0.05,0.2,-1,0.674348,0
174,95,8.10334,0.05,0.2,1,111.53,79
174,95,8.10334,0.05,0.2,-1,0.881796,0
174,100,8.10334,0.05,0.2,1,108.443,74
174,100,8.10334,0.05,0.2,-1,1.12975,0
174,105,8.10334,0.05,0.2,1,105.401,69
174,105,8.10334,0.05,0.2,-1,1.42153,0
174,110,8.10334,0.05,0.2,1,102.405,64
174,110,8.10334,0.05,0.2,-1,1.7602,0
174,115,8.10334,0.05,0.2,1,99.459,59
174,115,8.10334,0.05,0.2,-1,2.14854,0
174,120,8.10334,0.05,0.2,1,96.5652,54
174,120,8.10334,0.05,0.2,-1,2.58902,0
174,125,8.10334,0.05,0.2,1,93.7257,49
174,125,8.10334,0.05,0.2,-1,3.08384,0
174,130,8.10334,0.05,0.2,1,90.9424,44
174,130,8.10334,0.05,0.2,-1,3.63486,0
174,135,8.10334,0.05,0.2,1,88.2169,39
174,135,8.10334,0.05,0.2,-1,4.24369,0
174,140,8.10334,0.05,0.2,1,85.5505,34
174,140,8.10334,0.05,0.2,-1,4.91162,0
174,145,8.10334,0.05,0.2,1,82.9442,29
174,145,8.10334,0.05,0.2,-1,5.63969,0
174,146,8.10334,0.05,0.2,1,82.4302,28
174,146,8.10334,0.05,0.2,-1,5.7926,0
174,147,8.10334,0.05,0.2,1,81.9187,27
174,147,8.10334,0.05,0.2,-1,5.94795,0
174,148,8.10334,0.05,0.2,1,81.4097,26
174,148,8.10334,0.05,0.2,-1,6.10574,0
174,149,8.10334,0.05,0.2,1,80.903,25
174,149,8.10334,0.05,0.2,-1,6.26599,0
174,150,8.10334,0.05,0.2,1,80.3989,24
174,150,8.10334,0.05,0.2,-1,6.42869,0
174,152,8.10334,0.05,0.2,1,79.3979,22
174,152,8.10334,0.05,0.2,-1,6.76148,0
174,155,8.10334,0.05,0.2,1,77.915,19
174,155,8.10334,0.05,0.2,-1,7.27915,0
174,157,8.10334,0.05,0.2,1,76.9388,17
174,157,8.10334,0.05,0.2,-1,7.63663,0
174,160,8.10334,0.05,0.2,1,75.4929,14
174,160,8.10334,0.05,0.2,-1,8.1914,0
174,162,8.10334,0.05,0.2,1,74.5414,12
174,162,8.10334,0.05,0.2,-1,8.57363,0
174,165,8.10334,0.05,0.2,1,73.1328,9
174,165,8.10334,0.05,0.2,-1,9.16555,0
174,167,8.10334,0.05,0.2,1,72.206,7
174,167,8.10334,0.05,0.2,-1,9.57253,0
174,170,8.10334,0.05,0.2,1,70.8344,4
174,170,8.10334,0.05,0.2,-1,10.2015,0
174,172,8.10334,0.05,0.2,1,69.9323,2
174,172,8.10334,0.05,0.2,-1,10.6332,0
174,175,8.10334,0.05,0.2,1,68.5976,0
174,175,8.10334,0.05,0.2,-1,11.2991,1
174,177,8.10334,0.05,0.2,1,67.7201,0
174,177,8.10334,0.05,0.2,-1,11.7553,3
174,180,8.10334,0.05,0.2,1,66.422,0
174,180,8.10334,0.05,0.2,-1,12.4578,6
174,182,8.10334,0.05,0.2,1,65.5688,0
174,182,8.10334,0.05,0.2,-1,12.9383,8
174,185,8.10334,0.05,0.2,1,64.3071,0
174,185,8.10334,0.05,0.2,-1,13.6772,11
174,187,8.10334,0.05,0.2,1,63.478,0
174,187,8.10334,0.05,0.2,-1,14.1818,13
174,190,8.10334,0.05,0.2,1,62.2522,0
174,190,8.10334,0.05,0.2,-1,14.9566,16
174,192,8.10334,0.05,0.2,1,61.4468,0
174,192,8.10334,0.05,0.2,-1,15.485,18
174,195,8.10334,0.05,0.2,1,60.2565,0
174,195,8.10334,0.05,0.2,-1,16.2952,21
174,197,8.10334,0.05,0.2,1,59.4746,0
174,197,8.10334,0.05,0.2,-1,16.8471,23
174,200,8.10334,0.05,0.2,1,58.3191,0
174,200,8.10334,0.05,0.2,-1,17.6922,26
174,202,8.10334,0.05,0.2,1,57.5604,0
174,202,8.10334,0.05,0.2,-1,18.2672,28
174,205,8.10334,0.05,0.2,1,56.4393,0
174,205,8.10334,0.05,0.2,-1,19.1467,31
174,207,8.10334,0.05,0.2,1,55.7032,0
174,207,8.10334,0.05,0.2,-1,19.7443,33
174,210,8.10334,0.05,0.2,1,54.6158,0
174,210,8.10334,0.05,0.2,-1,20.6575,36
174,212,8.10334,0.05,0.2,1,53.902,0
174,212,8.10334,0.05,0.2,-1,21.2775,38
174,215,8.10334,0.05,0.2,1,52.8477,0
174,215,8.10334,0.05,0.2,-1,22.2238,41
174,217,8.10334,0.05,0.2,1,52.1557,0
174,217,8.10334,0.05,0.2,-1,22.8655,43
174,220,8.10334,0.05,0.2,1,51.1339,0
174,220,8.10334,0.05,0.2,-1,23.8443,46
174,222,8.10334,0.05,0.2,1,50.4633,0
174,222,8.10334,0.05,0.2,-1,24.5074,48
174,225,8.10334,0.05,0.2,1,49.4732,0
174,225,8.10334,0.05,0.2,-1,25.5179,51
174,227,8.10334,0.05,0.2,1,48.8235,0
174,227,8.10334,0.05,0.2,-1,26.2019,53
174,230,8.10334,0.05,0.2,1,47.8643,0
174,230,8.10334,0.05,0.2,-1,27.2434,56
174,235,8.10334,0.05,0.2,1,46.3062,0
174,235,8.10334,0.05,0.2,-1,29.0196,61
174,240,8.10334,0.05,0.2,1,44.7975,0
174,240,8.10334,0.05,0.2,-1,30.8452,66
174,245,8.10334,0.05,0.2,1,43.337,0
174,245,8.10334,0.05,0.2,-1,32.719,71
174,250,8.10334,0.05,0.2,1,41.9235,0
174,250,8.10334,0.05,0.2,-1,34.6399,76
174,255,8.10334,0.05,0.2,1,40.5557,0
174,255,8.10334,0.05,0.2,-1,36.6064,81
174,260,8.10334,0.05,0.2,1,39.2324,0
174,260,8.10334,0.05,0.2,-1,38.6174,86
174,265,8.10334,0.05,0.2,1,37.9523,0
174,265,8.10334,0.05,0.2,-1,40.6716,91
174,270,8.10334,0.05,0.2,1,36.7142,0
174,270,8.10334,0.05,0.2,-1,42.7678,96
174,275,8.10334,0.05,0.2,1,35.5168,0
174,275,8.10334,0.05,0.2,-1,44.9048,101
174,280,8.10334,0.05,0.2,1,34.3591,0
174,280,8.10334,0.05,0.2,-1,47.0814,106
174,285,8.10334,0.05,0.2,1,33.2397,0
174,285,8.10334,0.05,0.2,-1,49.2963,111
174,290,8.10334,0.05,0.2,1,32.1575,0
174,290,8.10334,0.05,0.2,-1,51.5485,116
174,295,8.10334,0.05,0.2,1,31.1114,0
174,295,8.10334,0.05,0.2,-1,53.8367,121
174,300,8.10334,0.05,0.2,1,30.1003,0
174,300,8.10334,0.05,0.2,-1,56.1599,126
174,135,8.08418,0.05,0.2,1,88.1305,39
174,135,8.08418,0.05,0.2,-1,4.24367,0
174,140,8.08418,0.05,0.2,1,85.4616,34
174,140,8.08418,0.05,0.2,-1,4.91225,0
174,145,8.08418,0.05,0.2,1,82.8529,29
174,145,8.08418,0.05,0.2,-1,5.64111,0
174,150,8.08418,0.05,0.2,1,80.3053,24
174,150,8.08418,0.05,0.2,-1,6.43103,0
174,155,8.08418,0.05,0.2,1,77.8193,19
174,155,8.08418,0.05,0.2,-1,7.28256,0
174,157,8.08418,0.05,0.2,1,76.8423,17
174,157,8.08418,0.05,0.2,-1,7.6405,0
174,160,8.08418,0.05,0.2,1,75.3953,14
174,160,8.08418,0.05,0.2,-1,8.19601,0
174,162,8.08418,0.05,0.2,1,74.443,12
174,162,8.08418,0.05,0.2,-1,8.57877,0
174,165,8.08418,0.05,0.2,1,73.0332,9
174,165,8.08418,0.05,0.2,-1,9.17151,0
174,167,8.08418,0.05,0.2,1,72.1058,7
174,167,8.08418,0.05,0.2,-1,9.57907,0
174,170,8.08418,0.05,0.2,1,70.7332,4
174,170,8.08418,0.05,0.2,-1,10.209,0
174,172,8.08418,0.05,0.2,1,69.8304,2
174,172,8.08418,0.05,0.2,-1,10.6413,0
174,175,8.08418,0.05,0.2,1,68.4948,0
174,175,8.08418,0.05,0.2,-1,11.3082,1
174,177,8.08418,0.05,0.2,1,67.6167,0
174,177,8.08418,0.05,0.2,-1,11.765,3
174,180,8.08418,0.05,0.2,1,66.3178,0
174,180,8.08418,0.05,0.2,-1,12.4687,6
174,182,8.08418,0.05,0.2,1,65.4641,0
174,182,8.08418,0.05,0.2,-1,12.95,8
174,185,8.08418,0.05,0.2,1,64.2016,0
174,185,8.08418,0.05,0.2,-1,13.69,11
174,187,8.08418,0.05,0.2,1,63.372,0
174,187,8.08418,0.05,0.2,-1,14.1954,13
174,190,8.08418,0.05,0.2,1,62.1456,0
174,190,8.08418,0.05,0.2,-1,14.9715,16
174,192,8.08418,0.05,0.2,1,61.3398,0
174,192,8.08418,0.05,0.2,-1,15.5007,18
174,195,8.08418,0.05,0.2,1,60.1489,0
174,195,8.08418,0.05,0.2,-1,16.3123,21
174,197,8.08418,0.05,0.2,1,59.3666,0
174,197,8.08418,0.05,0.2,-1,16.8651,23
174,200,8.08418,0.05,0.2,1,58.2107,0
174,200,8.08418,0.05,0.2,-1,17.7117,26
174,202,8.08418,0.05,0.2,1,57.4516,0
174,202,8.08418,0.05,0.2,-1,18.2876,28
174,205,8.08418,0.05,0.2,1,56.3301,0
174,205,8.08418,0.05,0.2,-1,19.1686,31
174,207,8.08418,0.05,0.2,1,55.5938,0
174,207,8.08418,0.05,0.2,-1,19.7672,33
174,210,8.08418,0.05,0.2,1,54.5061,0
174,210,8.08418,0.05,0.2,-1,20.682,36
174,212,8.08418,0.05,0.2,1,53.792,0
174,212,8.08418,0.05,0.2,-1,21.303,38
174,215,8.08418,0.05,0.2,1,52.7375,0
174,215,8.08418,0.05,0.2,-1,22.251,41
174,217,8.08418,0.05,0.2,1,52.0454,0
174,217,8.08418,0.05,0.2,-1,22.8939,43
174,220,8.08418,0.05,0.2,1,51.0233,0
174,220,8.08418,0.05,0.2,-1,23.8744,46
174,222,8.08418,0.05,0.2,1,50.3526,0
174,222,8.08418,0.05,0.2,-1,24.5387,48
174,225,8.08418,0.05,0.2,1,49.3624,0
174,225,8.08418,0.05,0.2,-1,25.5509,51
174,227,8.08418,0.05,0.2,1,48.7126,0
174,227,8.08418,0.05,0.2,-1,26.2362,53
174,230,8.08418,0.05,0.2,1,47.7534,0
174,230,8.08418,0.05,0.2,-1,27.2795,56
174,235,8.08418,0.05,0.2,1,46.1952,0
174,235,8.08418,0.05,0.2,-1,29.0588,61
174,240,8.08418,0.05,0.2,1,44.6866,0
174,240,8.08418,0.05,0.2,-1,30.8877,66
174,135,8.06501,0.05,0.2,1,88.0441,39
174,135,8.06501,0.05,0.2,-1,4.24363,0
174,140,8.06501,0.05,0.2,1,85.3726,34
174,140,8.06501,0.05,0.2,-1,4.91287,0
174,145,8.06501,0.05,0.2,1,82.7615,29
174,145,8.06501,0.05,0.2,-1,5.64252,0
174,148,8.06501,0.05,0.2,1,81.2242,26
174,148,8.06501,0.05,0.2,-1,6.10964,0
174,149,8.06501,0.05,0.2,1,80.7167,25
174,149,8.06501,0.05,0.2,-1,6.27026,0
174,150,8.06501,0.05,0.2,1,80.2117,24
174,150,8.06501,0.05,0.2,-1,6.43336,0
174,152,8.06501,0.05,0.2,1,79.209,22
174,152,8.06501,0.05,0.2,-1,6.76696,0
174,155,8.06501,0.05,0.2,1,77.7235,19
174,155,8.06501,0.05,0.2,-1,7.28595,0
174,157,8.06501,0.05,0.2,1,76.7456,17
174,157,8.06501,0.05,0.2,-1,7.64435,0
174,160,8.06501,0.05,0.2,1,75.2975,14
174,160,8.06501,0.05,0.2,-1,8.20061,0
174,162,8.06501,0.05,0.2,1,74.3444,12
174,162,8.06501,0.05,0.2,-1,8.58388,0
174,165,8.06501,0.05,0.2,1,72.9336,9
174,165,8.06501,0.05,0.2,-1,9.17746,0
174,167,8.06501,0.05,0.2,1,72.0054,7
174,167,8.06501,0.05,0.2,-1,9.5856,0
174,170,8.06501,0.05,0.2,1,70.6318,4
174,170,8.06501,0.05,0.2,-1,10.2164,0
174,172,8.06501,0.05,0.2,1,69.7285,2
174,172,8.06501,0.05,0.2,-1,10.6493,0
174,175,8.06501,0.05,0.2,1,68.3919,0
174,175,8.06501,0.05,0.2,-1,11.3173,1
174,177,8.06501,0.05,0.2,1,67.5132,0
174,177,8.06501,0.05,0.2,-1,11.7748,3
174,180,8.06501,0.05,0.2,1,66.2135,0
174,180,8.06501,0.05,0.2,-1,12.4796,6
174,182,8.06501,0.05,0.2,1,65.3593,0
174,182,8.06501,0.05,0.2,-1,12.9616,8
174,185,8.06501,0.05,0.2,1,64.0961,0
174,185,8.06501,0.05,0.2,-1,13.7028,11
174,187,8.06501,0.05,0.2,1,63.266,0
174,187,8.06501,0.05,0.2,-1,14.209,13
174,190,8.06501,0.05,0.2,1,62.0389,0
174,190,8.06501,0.05,0.2,-1,14.9864,16
174,192,8.06501,0.05,0.2,1,61.2327,0
174,192,8.06501,0.05,0.2,-1,15.5165,18
174,195,8.06501,0.05,0.2,1,60.0412,0
174,195,8.06501,0.05,0.2,-1,16.3294,21
174,197,8.06501,0.05,0.2,1,59.2586,0
174,197,8.06501,0.05,0.2,-1,16.8831,23
174,200,8.06501,0.05,0.2,1,58.1022,0
174,200,8.06501,0.05,0.2,-1,17.7311,26
174,202,8.06501,0.05,0.2,1,57.3428,0
174,202,8.06501,0.05,0.2,-1,18.308,28
174,205,8.06501,0.05,0.2,1,56.2208,0
174,205,8.06501,0.05,0.2,-1,19.1905,31
174,207,8.06501,0.05,0.2,1,55.4842,0
174,207,8.06501,0.05,0.2,-1,19.7902,33
174,210,8.06501,0.05,0.2,1,54.3962,0
174,210,8.06501,0.05,0.2,-1,20.7066,36
174,212,8.06501,0.05,0.2,1,53.682,0
174,212,8.06501,0.05,0.2,-1,21.3286,38
174,215,8.06501,0.05,0.2,1,52.6272,0
174,215,8.06501,0.05,0.2,-1,22.2783,41
174,217,8.06501,0.05,0.2,1,51.9349,0
174,217,8.06501,0.05,0.2,-1,22.9223,43
174,220,8.06501,0.05,0.2,1,50.9126,0
174,220,8.06501,0.05,0.2,-1,23.9045,46
174,225,8.06501,0.05,0.2,1,49.2514,0
174,225,8.06501,0.05,0.2,-1,25.584,51
174,230,8.06501,0.05,0.2,1,47.6424,0
174,230,8.06501,0.05,0.2,-1,27.3156,56
174,145,8.04585,0.05,0.2,1,82.67,29
174,145,8.04585,0.05,0.2,-1,5.6439,0
174,148,8.04585,0.05,0.2,1,81.1313,26
174,148,8.04585,0.05,0.2,-1,6.11156,0
174,149,8.04585,0.05,0.2,1,80.6234,25
174,149,8.04585,0.05,0.2,-1,6.27237,0
174,150,8.04585,0.05,0.2,1,80.1179,24
174,150,8.04585,0.05,0.2,-1,6.43566,0
174,152,8.04585,0.05,0.2,1,79.1143,22
174,152,8.04585,0.05,0.2,-1,6.76968,0
174,155,8.04585,0.05,0.2,1,77.6276,19
174,155,8.04585,0.05,0.2,-1,7.28932,0
174,157,8.04585,0.05,0.2,1,76.6489,17
174,157,8.04585,0.05,0.2,-1,7.64819,0
174,160,8.04585,0.05,0.2,1,75.1995,14
174,160,8.04585,0.05,0.2,-1,8.20518,0
174,162,8.04585,0.05,0.2,1,74.2458,12
174,162,8.04585,0.05,0.2,-1,8.58899,0
174,165,8.04585,0.05,0.2,1,72.8338,9
174,165,8.04585,0.05,0.2,-1,9.18339,0
174,167,8.04585,0.05,0.2,1,71.905,7
174,167,8.04585,0.05,0.2,-1,9.59211,0
174,170,8.04585,0.05,0.2,1,70.5304,4
174,170,8.04585,0.05,0.2,-1,10.2239,0
174,172,8.04585,0.05,0.2,1,69.6264,2
174,172,8.04585,0.05,0.2,-1,10.6574,0
174,175,8.04585,0.05,0.2,1,68.2889,0
174,175,8.04585,0.05,0.2,-1,11.3263,1
174,177,8.04585,0.05,0.2,1,67.4096,0
174,177,8.04585,0.05,0.2,-1,11.7846,3
174,180,8.04585,0.05,0.2,1,66.1091,0
174,180,8.04585,0.05,0.2,-1,12.4904,6
174,182,8.04585,0.05,0.2,1,65.2543,0
174,182,8.04585,0.05,0.2,-1,12.9732,8
174,185,8.04585,0.05,0.2,1,63.9904,0
174,185,8.04585,0.05,0.2,-1,13.7156,11
174,187,8.04585,0.05,0.2,1,63.1598,0
174,187,8.04585,0.05,0.2,-1,14.2227,13
174,190,8.04585,0.05,0.2,1,61.932,0
174,190,8.04585,0.05,0.2,-1,15.0012,16
174,192,8.04585,0.05,0.2,1,61.1255,0
174,192,8.04585,0.05,0.2,-1,15.5322,18
174,195,8.04585,0.05,0.2,1,59.9334,0
174,195,8.04585,0.05,0.2,-1,16.3465,21
174,197,8.04585,0.05,0.2,1,59.1504,0
174,197,8.04585,0.05,0.2,-1,16.9011,23
174,200,8.04585,0.05,0.2,1,57.9935,0
174,200,8.04585,0.05,0.2,-1,17.7505,26
174,202,8.04585,0.05,0.2,1,57.2338,0
174,202,8.04585,0.05,0.2,-1,18.3284,28
174,205,8.04585,0.05,0.2,1,56.1115,0
174,205,8.04585,0.05,0.2,-1,19.2124,31
174,207,8.04585,0.05,0.2,1,55.3746,0
174,207,8.04585,0.05,0.2,-1,19.8131,33
174,210,8.04585,0.05,0.2,1,54.2862,0
174,210,8.04585,0.05,0.2,-1,20.7311,36
174,212,8.04585,0.05,0.2,1,53.5718,0
174,212,8.04585,0.05,0.2,-1,21.3543,38
174,215,8.04585,0.05,0.2,1,52.5167,0
174,215,8.04585,0.05,0.2,-1,22.3056,41
174,217,8.04585,0.05,0.2,1,51.8243,0
174,217,8.04585,0.05,0.2,-1,22.9507,43
174,220,8.04585,0.05,0.2,1,50.8019,0
174,220,8.04585,0.05,0.2,-1,23.9346,46
174,225,8.04585,0.05,0.2,1,49.1404,0
174,225,8.04585,0.05,0.2,-1,25.6171,51
174,230,8.04585,0.05,0.2,1,47.5312,0
174,230,8.04585,0.05,0.2,-1,27.3518,56
174,149,8.02668,0.05,0.2,1,80.5299,25
174,149,8.02668,0.05,0.2,-1,6.27446,0
174,150,8.02668,0.05,0.2,1,80.024,24
174,150,8.02668,0.05,0.2,-1,6.43795,0
174,152,8.02668,0.05,0.2,1,79.0196,22
174,152,8.02668,0.05,0.2,-1,6.77237,0
174,155,8.02668,0.05,0.2,1,77.5316,19
174,155,8.02668,0.05,0.2,-1,7.29267,0
174,157,8.02668,0.05,0.2,1,76.5521,17
174,157,8.02668,0.05,0.2,-1,7.652,0
174,160,8.02668,0.05,0.2,1,75.1015,14
174,160,8.02668,0.05,0.2,-1,8.20974,0
174,162,8.02668,0.05,0.2,1,74.147,12
174,162,8.02668,0.05,0.2,-1,8.59407,0
174,165,8.02668,0.05,0.2,1,72.7339,9
174,165,8.02668,0.05,0.2,-1,9.1893,0
174,167,8.02668,0.05,0.2,1,71.8044,7
174,167,8.02668,0.05,0.2,-1,9.59861,0
174,170,8.02668,0.05,0.2,1,70.4288,4
174,170,8.02668,0.05,0.2,-1,10.2313,0
174,172,8.02668,0.05,0.2,1,69.5241,2
174,172,8.02668,0.05,0.2,-1,10.6655,0
174,175,8.02668,0.05,0.2,1,68.1858,0
174,175,8.02668,0.05,0.2,-1,11.3354,1
174,177,8.02668,0.05,0.2,1,67.3059,0
174,177,8.02668,0.05,0.2,-1,11.7944,3
174,180,8.02668,0.05,0.2,1,66.0046,0
174,180,8.02668,0.05,0.2,-1,12.5013,6
174,182,8.02668,0.05,0.2,1,65.1492,0
174,182,8.02668,0.05,0.2,-1,12.9848,8
174,185,8.02668,0.05,0.2,1,63.8845,0
174,185,8.02668,0.05,0.2,-1,13.7284,11
174,187,8.02668,0.05,0.2,1,63.0535,0
174,187,8.02668,0.05,0.2,-1,14.2363,13
174,190,8.02668,0.05,0.2,1,61.8251,0
174,190,8.02668,0.05,0.2,-1,15.0161,16
174,192,8.02668,0.05,0.2,1,61.0181,0
174,192,8.02668,0.05,0.2,-1,15.548,18
174,195,8.02668,0.05,0.2,1,59.8255,0
174,195,8.02668,0.05,0.2,-1,16.3636,21
174,197,8.02668,0.05,0.2,1,59.0421,0
174,197,8.02668,0.05,0.2,-1,16.9191,23
174,200,8.02668,0.05,0.2,1,57.8847,0
174,200,8.02668,0.05,0.2,-1,17.77,26
174,202,8.02668,0.05,0.2,1,57.1247,0
174,202,8.02668,0.05,0.2,-1,18.3489,28
174,205,8.02668,0.05,0.2,1,56.002,0
174,205,8.02668,0.05,0.2,-1,19.2344,31
174,207,8.02668,0.05,0.2,1,55.2649,0
174,207,8.02668,0.05,0.2,-1,19.8361,33
174,210,8.02668,0.05,0.2,1,54.1762,0
174,210,8.02668,0.05,0.2,-1,20.7557,36
174,212,8.02668,0.05,0.2,1,53.4615,0
174,212,8.02668,0.05,0.2,-1,21.3799,38
174,215,8.02668,0.05,0.2,1,52.4062,0
174,215,8.02668,0.05,0.2,-1,22.3329,41
174,217,8.02668,0.05,0.2,1,51.7136,0
174,217,8.02668,0.05,0.2,-1,22.9791,43
174,220,8.02668,0.05,0.2,1,50.691,0
174,220,8.02668,0.05,0.2,-1,23.9648,46
174,225,8.02668,0.05,0.2,1,49.0293,0
174,225,8.02668,0.05,0.2,-1,25.6503,51
174,230,8.02668,0.05,0.2,1,47.42,0
174,230,8.02668,0.05,0.2,-1,27.3881,56
174,95,8.00752,0.05,0.2,1,111.218,79
174,95,8.00752,0.05,0.2,-1,0.874336,0
174,100,8.00752,0.05,0.2,1,108.115,74
174,100,8.00752,0.05,0.2,-1,1.12182,0
174,105,8.00752,0.05,0.2,1,105.056,69
174,105,8.00752,0.05,0.2,-1,1.4134,0
174,110,8.00752,0.05,0.2,1,102.045,64
174,110,8.00752,0.05,0.2,-1,1.75221,0
174,115,8.00752,0.05,0.2,1,99.0832,59
174,115,8.00752,0.05,0.2,-1,2.14108,0
174,120,8.00752,0.05,0.2,1,96.1744,54
174,120,8.00752,0.05,0.2,-1,2.58255,0
174,125,8.00752,0.05,0.2,1,93.3203,49
174,125,8.00752,0.05,0.2,-1,3.07885,0
174,130,8.00752,0.05,0.2,1,90.5231,44
174,130,8.00752,0.05,0.2,-1,3.63192,0
174,135,8.00752,0.05,0.2,1,87.7842,39
174,135,8.00752,0.05,0.2,-1,4.24339,0
174,140,8.00752,0.05,0.2,1,85.105,34
174,140,8.00752,0.05,0.2,-1,4.91459,0
174,145,8.00752,0.05,0.2,1,82.4867,29
174,145,8.00752,0.05,0.2,-1,5.64659,0
174,150,8.00752,0.05,0.2,1,79.93,24
174,150,8.00752,0.05,0.2,-1,6.44021,0
174,155,8.00752,0.05,0.2,1,77.4354,19
174,155,8.00752,0.05,0.2,-1,7.296,0
174,160,8.00752,0.05,0.2,1,75.0034,14
174,160,8.00752,0.05,0.2,-1,8.21429,0
174,165,8.00752,0.05,0.2,1,72.6339,9
174,165,8.00752,0.05,0.2,-1,9.1952,0
174,170,8.00752,0.05,0.2,1,70.3271,4
174,170,8.00752,0.05,0.2,-1,10.2387,0
174,175,8.00752,0.05,0.2,1,68.0825,0
174,175,8.00752,0.05,0.2,-1,11.3445,1
174,180,8.00752,0.05,0.2,1,65.8999,0
174,180,8.00752,0.05,0.2,-1,12.5122,6
174,185,8.00752,0.05,0.2,1,63.7786,0
174,185,8.00752,0.05,0.2,-1,13.7412,11
174,190,8.00752,0.05,0.2,1,61.7181,0
174,190,8.00752,0.05,0.2,-1,15.031,16
174,195,8.00752,0.05,0.2,1,59.7174,0
174,195,8.00752,0.05,0.2,-1,16.3807,21
174,200,8.00752,0.05,0.2,1,57.7758,0
174,200,8.00752,0.05,0.2,-1,17.7895,26
174,205,8.00752,0.05,0.2,1,55.8924,0
174,205,8.00752,0.05,0.2,-1,19.2564,31
174,210,8.00752,0.05,0.2,1,54.066,0
174,210,8.00752,0.05,0.2,-1,20.7803,36
174,215,8.00752,0.05,0.2,1,52.2956,0
174,215,8.00752,0.05,0.2,-1,22.3602,41
174,220,8.00752,0.05,0.2,1,50.58,0
174,220,8.00752,0.05,0.2,-1,23.995,46
174,225,8.00752,0.05,0.2,1,48.9181,0
174,225,8.00752,0.05,0.2,-1,25.6835,51
174,230,8.00752,0.05,0.2,1,47.3087,0
174,230,8.00752,0.05,0.2,-1,27.4244,56
174,235,8.00752,0.05,0.2,1,45.7505,0
174,235,8.00752,0.05,0.2,-1,29.2165,61
174,240,8.00752,0.05,0.2,1,44.2422,0
174,240,8.00752,0.05,0.2,-1,31.0586,66
174,245,8.00752,0.05,0.2,1,42.7827,0
174,245,8.00752,0.05,0.2,-1,32.9494,71
174,250,8.00752,0.05,0.2,1,41.3705,0
174,250,8.00752,0.05,0.2,-1,34.8876,76
174,255,8.00752,0.05,0.2,1,40.0045,0
174,255,8.00752,0.05,0.2,-1,36.8719,81
174,260,8.00752,0.05,0.2,1,38.6834,0
174,260,8.00752,0.05,0.2,-1,38.9012,86
174,265,8.00752,0.05,0.2,1,37.4059,0
174,265,8.00752,0.05,0.2,-1,40.974,91
174,270,8.00752,0.05,0.2,1,36.1708,0
174,270,8.00752,0.05,0.2,-1,43.0892,96
174,275,8.00752,0.05,0.2,1,34.9767,0
174,275,8.00752,0.05,0.2,-1,45.2455,101
174,280,8.00752,0.05,0.2,1,33.8226,0
174,280,8.00752,0.05,0.2,-1,47.4417,106
174,90,7.8542,0.05,0.2,1,113.886,84
174,90,7.8542,0.05,0.2,-1,0.656386,0
174,95,7.8542,0.05,0.2,1,110.716,79
174,95,7.8542,0.05,0.2,-1,0.861991,0
174,100,7.8542,0.05,0.2,1,107.586,74
174,100,7.8542,0.05,0.2,-1,1.10863,0
174,105,7.8542,0.05,0.2,1,104.501,69
174,105,7.8542,0.05,0.2,-1,1.3998,0
174,110,7.8542,0.05,0.2,1,101.464,64
174,110,7.8542,0.05,0.2,-1,1.73872,0
174,115,7.8542,0.05,0.2,1,98.4775,59
174,115,7.8542,0.05,0.2,-1,2.12835,0
174,120,7.8542,0.05,0.2,1,95.5443,54
174,120,7.8542,0.05,0.2,-1,2.57131,0
174,125,7.8542,0.05,0.2,1,92.6668,49
174,125,7.8542,0.05,0.2,-1,3.06992,0
174,130,7.8542,0.05,0.2,1,89.847,44
174,130,7.8542,0.05,0.2,-1,3.6262,0
174,135,7.8542,0.05,0.2,1,87.0865,39
174,135,7.8542,0.05,0.2,-1,4.24184,0
174,140,7.8542,0.05,0.2,1,84.3868,34
174,140,7.8542,0.05,0.2,-1,4.91825,0
174,145,7.8542,0.05,0.2,1,81.749,29
174,145,7.8542,0.05,0.2,-1,5.65654,0
174,150,7.8542,0.05,0.2,1,79.1739,24
174,150,7.8542,0.05,0.2,-1,6.45757,0
174,155,7.8542,0.05,0.2,1,76.6621,19
174,155,7.8542,0.05,0.2,-1,7.32192,0
174,160,7.8542,0.05,0.2,1,74.214,14
174,160,7.8542,0.05,0.2,-1,8.24994,0
174,165,7.8542,0.05,0.2,1,71.8297,9
174,165,7.8542,0.05,0.2,-1,9.24179,0
174,170,7.8542,0.05,0.2,1,69.5092,4
174,170,7.8542,0.05,0.2,-1,10.2974,0
174,175,7.8542,0.05,0.2,1,67.2522,0
174,175,7.8542,0.05,0.2,-1,11.4165,1
174,180,7.8542,0.05,0.2,1,65.0583,0
174,180,7.8542,0.05,0.2,-1,12.5987,6
174,185,7.8542,0.05,0.2,1,62.9269,0
174,185,7.8542,0.05,0.2,-1,13.8435,11
174,190,7.8542,0.05,0.2,1,60.8574,0
174,190,7.8542,0.05,0.2,-1,15.1501,16
174,195,7.8542,0.05,0.2,1,58.849,0
174,195,7.8542,0.05,0.2,-1,16.5178,21
174,200,7.8542,0.05,0.2,1,56.9008,0
174,200,7.8542,0.05,0.2,-1,17.9457,26
174,205,7.8542,0.05,0.2,1,55.0117,0
174,205,7.8542,0.05,0.2,-1,19.4327,31
174,210,7.8542,0.05,0.2,1,53.1807,0
174,210,7.8542,0.05,0.2,-1,20.9779,36
174,215,7.8542,0.05,0.2,1,51.4068,0
174,215,7.8542,0.05,0.2,-1,22.5801,41
174,220,7.8542,0.05,0.2,1,49.6887,0
174,220,7.8542,0.05,0.2,-1,24.2381,46
174,225,7.8542,0.05,0.2,1,48.0252,0
174,225,7.8542,0.05,0.2,-1,25.9508,51
174,230,7.8542,0.05,0.2,1,46.4151,0
174,230,7.8542,0.05,0.2,-1,27.7168,56
174,235,7.8542,0.05,0.2,1,44.857,0
174,235,7.8542,0.05,0.2,-1,29.5348,61
174,240,7.8542,0.05,0.2,1,43.3497,0
174,240,7.8542,0.05,0.2,-1,31.4037,66
174,245,7.8542,0.05,0.2,1,41.8919,0
174,245,7.8542,0.05,0.2,-1,33.322,71
174,250,7.8542,0.05,0.2,1,40.4823,0
174,250,7.8542,0.05,0.2,-1,35.2885,76
174,255,7.8542,0.05,0.2,1,39.1195,0
174,255,7.8542,0.05,0.2,-1,37.3018,81
174,260,7.8542,0.05,0.2,1,37.8023,0
174,260,7.8542,0.05,0.2,-1,39.3607,86
174,265,7.8542,0.05,0.2,1,36.5292,0
174,265,7.8542,0.05,0.2,-1,41.4638,91
174,270,7.8542,0.05,0.2,1,35.2991,0
174,270,7.8542,0.05,0.2,-1,43.6098,96
174,275,7.8542,0.05,0.2,1,34.1107,0
174,275,7.8542,0.05,0.2,-1,45.7975,101
174,280,7.8542,0.05,0.2,1,32.9627,0
174,280,7.8542,0.05,0.2,-1,48.0256,106
174,285,7.8542,0.05,0.2,1,31.8538,0
174,285,7.8542,0.05,0.2,-1,50.2928,111
174,290,7.8542,0.05,0.2,1,30.7828,0
174,290,7.8542,0.05,0.2,-1,52.598,116
174,295,7.8542,0.05,0.2,1,29.7486,0
174,295,7.8542,0.05,0.2,-1,54.9399,121
174,100,7.60505,0.05,0.2,1,106.717,74
174,100,7.60505,0.05,0.2,-1,1.08583,0
174,105,7.60505,0.05,0.2,1,103.589,69
174,105,7.60505,0.05,0.2,-1,1.37605,0
174,110,7.60505,0.05,0.2,1,100.509,64
174,110,7.60505,0.05,0.2,-1,1.7149,0
174,115,7.60505,0.05,0.2,1,97.4813,59
174,115,7.60505,0.05,0.2,-1,2.10549,0
174,120,7.60505,0.05,0.2,1,94.508,54
174,120,7.60505,0.05,0.2,-1,2.55062,0
174,125,7.60505,0.05,0.2,1,91.5917,49
174,125,7.60505,0.05,0.2,-1,3.05278,0
174,130,7.60505,0.05,0.2,1,88.7346,44
174,130,7.60505,0.05,0.2,-1,3.61409,0
174,135,7.60505,0.05,0.2,1,85.9384,39
174,135,7.60505,0.05,0.2,-1,4.23639,0
174,140,7.60505,0.05,0.2,1,83.2048,34
174,140,7.60505,0.05,0.2,-1,4.92118,0
174,145,7.60505,0.05,0.2,1,80.5348,29
174,145,7.60505,0.05,0.2,-1,5.66967,0
174,150,7.60505,0.05,0.2,1,77.9295,24
174,150,7.60505,0.05,0.2,-1,6.48278,0
174,155,7.60505,0.05,0.2,1,75.3894,19
174,155,7.60505,0.05,0.2,-1,7.36116,0
174,160,7.60505,0.05,0.2,1,72.915,14
174,160,7.60505,0.05,0.2,-1,8.30519,0
174,165,7.60505,0.05,0.2,1,70.5064,9
174,165,7.60505,0.05,0.2,-1,9.31506,0
174,170,7.60505,0.05,0.2,1,68.1636,4
174,170,7.60505,0.05,0.2,-1,10.3907,0
174,175,7.60505,0.05,0.2,1,65.8864,0
174,175,7.60505,0.05,0.2,-1,11.5319,1
174,180,7.60505,0.05,0.2,1,63.6742,0
174,180,7.60505,0.05,0.2,-1,12.7382,6
174,185,7.60505,0.05,0.2,1,61.5266,0
174,185,7.60505,0.05,0.2,-1,14.009,11
174,190,7.60505,0.05,0.2,1,59.4428,0
174,190,7.60505,0.05,0.2,-1,15.3436,16
174,195,7.60505,0.05,0.2,1,57.422,0
174,195,7.60505,0.05,0.2,-1,16.7413,21
174,200,7.60505,0.05,0.2,1,55.4632,0
174,200,7.60505,0.05,0.2,-1,18.201,26
174,205,7.60505,0.05,0.2,1,53.5655,0
174,205,7.60505,0.05,0.2,-1,19.7217,31
174,210,7.60505,0.05,0.2,1,51.7277,0
174,210,7.60505,0.05,0.2,-1,21.3023,36
174,215,7.60505,0.05,0.2,1,49.9485,0
174,215,7.60505,0.05,0.2,-1,22.9416,41
174,220,7.60505,0.05,0.2,1,48.2269,0
174,220,7.60505,0.05,0.2,-1,24.6384,46
174,225,7.60505,0.05,0.2,1,46.5614,0
174,225,7.60505,0.05,0.2,-1,26.3914,51
174,230,7.60505,0.05,0.2,1,44.9508,0
174,230,7.60505,0.05,0.2,-1,28.1992,56
174,235,7.60505,0.05,0.2,1,43.3937,0
174,235,7.60505,0.05,0.2,-1,30.0606,61
174,240,7.60505,0.05,0.2,1,41.8888,0
174,240,7.60505,0.05,0.2,-1,31.9741,66
174,245,7.60505,0.05,0.2,1,40.4346,0
174,245,7.60505,0.05,0.2,-1,33.9384,71
174,250,7.60505,0.05,0.2,1,39.0299,0
174,250,7.60505,0.05,0.2,-1,35.9521,76
174,255,7.60505,0.05,0.2,1,37.6732,0
174,255,7.60505,0.05,0.2,-1,38.0138,81
174,260,7.60505,0.05,0.2,1,36.363,0
174,260,7.60505,0.05,0.2,-1,40.1221,86
174,265,7.60505,0.05,0.2,1,35.0982,0
174,265,7.60505,0.05,0.2,-1,42.2757,91
174,270,7.60505,0.05,0.2,1,33.8772,0
174,270,7.60505,0.05,0.2,-1,44.4732,96
174,275,7.60505,0.05,0.2,1,32.6989,0
174,275,7.60505,0.05,0.2,-1,46.7132,101
174,280,7.60505,0.05,0.2,1,31.5617,0
174,280,7.60505,0.05,0.2,-1,48.9945,106
174,285,7.60505,0.05,0.2,1,30.4644,0
174,285,7.60505,0.05,0.2,-1,51.3157,111
174,290,7.60505,0.05,0.2,1,29.4058,0
174,290,7.60505,0.05,0.2,-1,53.6756,116
174,90,7.0876,0.05,0.2,1,111.45,84
174,90,7.0876,0.05,0.2,-1,0.594507,0
174,95,7.0876,0.05,0.2,1,108.14,79
174,95,7.0876,0.05,0.2,-1,0.792433,0
174,100,7.0876,0.05,0.2,1,104.872,74
174,100,7.0876,0.05,0.2,-1,1.03287,0
174,105,7.0876,0.05,0.2,1,101.651,69
174,105,7.0876,0.05,0.2,-1,1.3199,0
174,110,7.0876,0.05,0.2,1,98.4804,64
174,110,7.0876,0.05,0.2,-1,1.65737,0
174,115,7.0876,0.05,0.2,1,95.3638,59
174,115,7.0876,0.05,0.2,-1,2.04878,0
174,120,7.0876,0.05,0.2,1,92.3043,54
174,120,7.0876,0.05,0.2,-1,2.49732,0
174,125,7.0876,0.05,0.2,1,89.3048,49
174,125,7.0876,0.05,0.2,-1,3.00582,0
174,130,7.0876,0.05,0.2,1,86.3677,44
174,130,7.0876,0.05,0.2,-1,3.57676,0
174,135,7.0876,0.05,0.2,1,83.4951,39
174,135,7.0876,0.05,0.2,-1,4.21223,0
174,140,7.0876,0.05,0.2,1,80.6888,34
174,140,7.0876,0.05,0.2,-1,4.91401,0
174,145,7.0876,0.05,0.2,1,77.9503,29
174,145,7.0876,0.05,0.2,-1,5.68351,0
174,150,7.0876,0.05,0.2,1,75.2806,24
174,150,7.0876,0.05,0.2,-1,6.52182,0
174,155,7.0876,0.05,0.2,1,72.6804,19
174,155,7.0876,0.05,0.2,-1,7.42974,0
174,160,7.0876,0.05,0.2,1,70.1504,14
174,160,7.0876,0.05,0.2,-1,8.40774,0
174,165,7.0876,0.05,0.2,1,67.6907,9
174,165,7.0876,0.05,0.2,-1,9.45607,0
174,170,7.0876,0.05,0.2,1,65.3013,4
174,170,7.0876,0.05,0.2,-1,10.5747,0
174,175,7.0876,0.05,0.2,1,62.9819,0
174,175,7.0876,0.05,0.2,-1,11.7634,1
174,180,7.0876,0.05,0.2,1,60.7322,0
174,180,7.0876,0.05,0.2,-1,13.0217,6
174,185,7.0876,0.05,0.2,1,58.5515,0
174,185,7.0876,0.05,0.2,-1,14.349,11
174,190,7.0876,0.05,0.2,1,56.439,0
174,190,7.0876,0.05,0.2,-1,15.7445,16
174,195,7.0876,0.05,0.2,1,54.3937,0
174,195,7.0876,0.05,0.2,-1,17.2074,21
174,200,7.0876,0.05,0.2,1,52.4147,0
174,200,7.0876,0.05,0.2,-1,18.7364,26
174,210,7.0876,0.05,0.2,1,48.6507,0
174,210,7.0876,0.05,0.2,-1,21.9885,36
174,220,7.0876,0.05,0.2,1,45.1367,0
174,220,7.0876,0.05,0.2,-1,25.4906,46
174,230,7.0876,0.05,0.2,1,41.8614,0
174,230,7.0876,0.05,0.2,-1,29.2313,56
174,240,7.0876,0.05,0.2,1,38.8128,0
174,240,7.0876,0.05,0.2,-1,33.1988,66
174,250,7.0876,0.05,0.2,1,35.9788,0
174,250,7.0876,0.05,0.2,-1,37.3809,76
174,260,7.0876,0.05,0.2,1,33.3468,0
174,260,7.0876,0.05,0.2,-1,41.765,86
174,270,7.0876,0.05,0.2,1,30.9048,0
174,270,7.0876,0.05,0.2,-1,46.339,96
174,280,7.0876,0.05,0.2,1,28.6406,0
174,280,7.0876,0.05,0.2,-1,51.0909,106
174,290,7.0876,0.05,0.2,1,26.5425,0
174,290,7.0876,0.05,0.2,-1,56.0089,116
174,300,7.0876,0.05,0.2,1,24.5995,0
174,300,7.0876,0.05,0.2,-1,61.082,126
174,310,7.0876,0.05,0.2,1,22.8008,0
174,310,7.0876,0.05,0.2,-1,66.2994,136
174,90,6.09102,0.05,0.2,1,108.128,84
174,90,6.09102,0.05,0.2,-1,0.498923,0
174,95,6.09102,0.05,0.2,1,104.623,79
174,95,6.09102,0.05,0.2,-1,0.681455,0
174,100,6.09102,0.05,0.2,1,101.162,74
174,100,6.09102,0.05,0.2,-1,0.907845,0
174,105,6.09102,0.05,0.2,1,97.7504,69
174,105,6.09102,0.05,0.2,-1,1.18315,0
174,110,6.09102,0.05,0.2,1,94.3922,64
174,110,6.09102,0.05,0.2,-1,1.51217,0
174,115,6.09102,0.05,0.2,1,91.0921,59
174,115,6.09102,0.05,0.2,-1,1.8994,0
174,120,6.09102,0.05,0.2,1,87.8544,54
174,120,6.09102,0.05,0.2,-1,2.34897,0
174,125,6.09102,0.05,0.2,1,84.6828,49
174,125,6.09102,0.05,0.2,-1,2.86461,0
174,130,6.09102,0.05,0.2,1,81.5805,44
174,130,6.09102,0.05,0.2,-1,3.4496,0
174,135,6.09102,0.05,0.2,1,78.5505,39
174,135,6.09102,0.05,0.2,-1,4.1068,0
174,140,6.09102,0.05,0.2,1,75.595,34
174,140,6.09102,0.05,0.2,-1,4.83862,0
174,145,6.09102,0.05,0.2,1,72.7161,29
174,145,6.09102,0.05,0.2,-1,5.64703,0
174,150,6.09102,0.05,0.2,1,69.9154,24
174,150,6.09102,0.05,0.2,-1,6.53359,0
174,155,6.09102,0.05,0.2,1,67.194,19
174,155,6.09102,0.05,0.2,-1,7.49944,0
174,160,6.09102,0.05,0.2,1,64.5526,14
174,160,6.09102,0.05,0.2,-1,8.54535,0
174,165,6.09102,0.05,0.2,1,61.9917,9
174,165,6.09102,0.05,0.2,-1,9.67171,0
174,170,6.09102,0.05,0.2,1,59.5114,4
174,170,6.09102,0.05,0.2,-1,10.8786,0
174,175,6.09102,0.05,0.2,1,57.1113,0
174,175,6.09102,0.05,0.2,-1,12.1658,1
174,180,6.09102,0.05,0.2,1,54.7911,0
174,180,6.09102,0.05,0.2,-1,13.5329,6
174,185,6.09102,0.05,0.2,1,52.55,0
174,185,6.09102,0.05,0.2,-1,14.979,11
174,190,6.09102,0.05,0.2,1,50.3869,0
174,190,6.09102,0.05,0.2,-1,16.5033,16
174,195,6.09102,0.05,0.2,1,48.3009,0
174,195,6.09102,0.05,0.2,-1,18.1045,21
174,200,6.09102,0.05,0.2,1,46.2905,0
174,200,6.09102,0.05,0.2,-1,19.7814,26
174,210,6.09102,0.05,0.2,1,42.4908,0
174,210,6.09102,0.05,0.2,-1,23.3563,36
174,220,6.09102,0.05,0.2,1,38.9748,0
174,220,6.09102,0.05,0.2,-1,27.2148,46
174,230,6.09102,0.05,0.2,1,35.7282,0
174,230,6.09102,0.05,0.2,-1,31.3427,56
174,240,6.09102,0.05,0.2,1,32.7358,0
174,240,6.09102,0.05,0.2,-1,35.7248,66
174,250,6.09102,0.05,0.2,1,29.9821,0
174,250,6.09102,0.05,0.2,-1,40.3457,76
174,260,6.09102,0.05,0.2,1,27.4516,0
174,260,6.09102,0.05,0.2,-1,45.1897,86
174,270,6.09102,0.05,0.2,1,25.1288,0
174,270,6.09102,0.05,0.2,-1,50.2415,96
174,280,6.09102,0.05,0.2,1,22.999,0
174,280,6.09102,0.05,0.2,-1,55.4862,106
174,290,6.09102,0.05,0.2,1,21.0477,0
174,290,6.09102,0.05,0.2,-1,60.9095,116
